{
  "Francis": {
    "PetName": "Francis",
    "PetType": "cat",
    "PetTypeScore": 0.9,
    "Breed": "Other",
    "BreedScore": 0.9,
    "LifeStage": "a",
    "LifeStageScore": 0.9,
    "Gender": "male",
    "GenderScore": 0.9,
    "SizeCategory": "unknown",
    "SizeScore": 0.9,
    "Weight": "60-90 lbs",
    "WeightScore": 0.6,
    "PersonalityTraits": [
      "playful",
      "curious",
      "affectionate"
    ],
    "PersonalityScores": {
      "playful": 0.7,
      "curious": 0.6,
      "affectionate": 0.7
    },
    "FavoriteProductCategories": [
      "food",
      "training",
      "safety"
    ],
    "CategoryScores": {
      "food": 0.9,
      "training": 0.8,
      "safety": 0.7
    },
    "BrandPreferences": [
      "Holistic Select",
      "PetRageous Designs"
    ],
    "BrandScores": {
      "Holistic Select": 0.9,
      "PetRageous Designs": 0.8
    },
    "DietaryPreferences": [
      "balanced diet"
    ],
    "DietaryScores": {
      "balanced diet": 0.7
    },
    "BehavioralCues": [
      "requires training",
      "safety-conscious"
    ],
    "BehavioralScores": {
      "requires training": 0.8,
      "safety-conscious": 0.7
    },
    "HealthMentions": [
      "healthy"
    ],
    "HealthScores": {
      "healthy": 0.8
    },
    "MostOrderedProducts": [
      "PetRageous Designs Batik Bones Pet Bowl, Sand, 7\", 5.5-cups",
      "Paw Pods Heart Shape Dog & Cat Urn",
      "Soft Claws Nail Caps for Cats, 40 Count, Small, Red"
    ],
    "ConfidenceScore": 0.5,
    "confidence_score": 0.85,
    "name": "Francis"
  },
  "Moe": {
    "PetName": "Moe",
    "PetType": "dog",
    "PetTypeScore": 0.9,
    "Breed": "Mixed / Unknown",
    "BreedScore": 0.9,
    "LifeStage": "a",
    "LifeStageScore": 0.9,
    "Gender": "fmle",
    "GenderScore": 0.9,
    "SizeCategory": "extra small",
    "SizeScore": 0.9,
    "Weight": "60-90 lbs",
    "WeightScore": 0.6,
    "PersonalityTraits": [
      "playful",
      "curious",
      "affectionate"
    ],
    "PersonalityScores": {
      "playful": 0.7,
      "curious": 0.6,
      "affectionate": 0.7
    },
    "FavoriteProductCategories": [
      "food",
      "training",
      "safety"
    ],
    "CategoryScores": {
      "food": 0.9,
      "training": 0.8,
      "safety": 0.7
    },
    "BrandPreferences": [
      "Holistic Select",
      "PetRageous Designs"
    ],
    "BrandScores": {
      "Holistic Select": 0.9,
      "PetRageous Designs": 0.8
    },
    "DietaryPreferences": [
      "balanced diet"
    ],
    "DietaryScores": {
      "balanced diet": 0.7
    },
    "BehavioralCues": [
      "requires training",
      "safety-conscious"
    ],
    "BehavioralScores": {
      "requires training": 0.8,
      "safety-conscious": 0.7
    },
    "HealthMentions": [
      "healthy"
    ],
    "HealthScores": {
      "healthy": 0.8
    },
    "MostOrderedProducts": [
      "PetRageous Designs Batik Bones Pet Bowl, Sand, 7\", 5.5-cups",
      "Paw Pods Heart Shape Dog & Cat Urn",
      "Soft Claws Nail Caps for Cats, 40 Count, Small, Red"
    ],
    "ConfidenceScore": 0.5,
    "confidence_score": 0.85,
    "name": "Moe"
  },
  "cust_confidence_score": 0.85
}