{
  "UNK": {
    "PetName": "UNK",
    "PetType": "Cat",
    "PetTypeScore": 1.0,
    "Breed": "UNK",
    "BreedScore": 0.0,
    "LifeStage": "UNK",
    "LifeStageScore": 0.0,
    "Gender": "UNK",
    "GenderScore": 0.0,
    "SizeCategory": "UNK",
    "SizeScore": 0.0,
    "Weight": "UNK",
    "WeightScore": 0.0,
    "PersonalityTraits": [
      "UNK"
    ],
    "PersonalityScores": {
      "UNK": 0.0
    },
    "FavoriteProductCategories": [
      "Cat Toys",
      "Cat Food"
    ],
    "CategoryScores": {
      "Cat Toys": 1.0,
      "Cat Food": 1.0
    },
    "BrandPreferences": [
      "OurPets",
      "VeRUS",
      "Go! Solutions",
      "Purina Beyond"
    ],
    "BrandScores": {
      "OurPets": 1.0,
      "VeRUS": 0.5,
      "Go! Solutions": 0.5,
      "Purina Beyond": 0.5
    },
    "DietaryPreferences": [
      "Grain-Free",
      "Fish",
      "Beef",
      "Apple",
      "Vegetable",
      "Green Lipped Mussel",
      "Pollock",
      "Icelandic Arctic Char",
      "Lentil"
    ],
    "DietaryScores": {
      "Grain-Free": 1.0,
      "Fish": 1.0,
      "Beef": 0.5,
      "Apple": 0.5,
      "Vegetable": 0.5,
      "Green Lipped Mussel": 0.5,
      "Pollock": 0.5,
      "Icelandic Arctic Char": 0.5,
      "Lentil": 0.5
    },
    "BehavioralCues": [
      "UNK"
    ],
    "BehavioralScores": {
      "UNK": 0.0
    },
    "HealthMentions": [
      "UNK"
    ],
    "HealthScores": {
      "UNK": 0.0
    },
    "MostOrderedProducts": [
      "OurPets Fish Teaser Wand Cat Toy, Color/Character Varies",
      "X - Weaver Equine Original Adjustable Nylon Horse Halter, Yearling, Hunter Green",
      "K&H Pet Products Universal Waterer Deicer",
      "Conversation Concepts Chihuahua Figurine",
      "VeRUS Beef, Apple, Vegetable & Green Lipped Mussel Canned Cat Food",
      "Go! Solutions SENSITIVITIES Limited Ingredient Pollock Grain-Free Dry Cat Food, 8-lb bag",
      "Kaytee Comfort Small Animal Exercise Wheel",
      "Necoichi Kiku Ribbon Bow Tie Cotton Breakaway Cat Collar with Bell, Red, 8.2 to 13.7-in neck, 2/5-in wide",
      "Purina Beyond Grain-Free Icelandic Arctic Char & Lentil Recipe Dry Cat Food",
      "Silver Lining Herbs Hemp Seed-Coconut Oil Heart Care Liquid Horse Supplement, 1-gal"
    ],
    "ConfidenceScore": 0.0,
    "confidence_score": 0.16666666666666666,
    "name": "UNK"
  },
  "Turbo": {
    "PetName": "Turbo",
    "PetType": "Cat",
    "PetTypeScore": 1.0,
    "Breed": "Himalayan",
    "BreedScore": 1.0,
    "LifeStage": "A",
    "LifeStageScore": 1.0,
    "Gender": "MALE",
    "GenderScore": 1.0,
    "SizeCategory": "UNK",
    "SizeScore": 0.0,
    "Weight": "UNK",
    "WeightScore": 0.0,
    "PersonalityTraits": [
      "Likes to wear clothes",
      "Likes toys",
      "Likes certain foods"
    ],
    "PersonalityScores": {
      "Likes to wear clothes": 0.8,
      "Likes toys": 0.7,
      "Likes certain foods": 0.9
    },
    "FavoriteProductCategories": [
      "Toys",
      "Clothing",
      "Food"
    ],
    "CategoryScores": {
      "Toys": 0.8,
      "Clothing": 0.7,
      "Food": 0.9
    },
    "BrandPreferences": [
      "OurPets",
      "VeRUS",
      "Go! Solutions",
      "Purina Beyond"
    ],
    "BrandScores": {
      "OurPets": 0.9,
      "VeRUS": 0.7,
      "Go! Solutions": 0.7,
      "Purina Beyond": 0.7
    },
    "DietaryPreferences": [
      "Fish",
      "Beef, Apple, Vegetable & Green Lipped Mussel",
      "Pollock Grain-Free",
      "Icelandic Arctic Char & Lentil"
    ],
    "DietaryScores": {
      "Fish": 0.9,
      "Beef, Apple, Vegetable & Green Lipped Mussel": 0.7,
      "Pollock Grain-Free": 0.7,
      "Icelandic Arctic Char & Lentil": 0.7
    },
    "BehavioralCues": [
      "Accepts medication",
      "Interacts with multiple cats"
    ],
    "BehavioralScores": {
      "Accepts medication": 0.8,
      "Interacts with multiple cats": 0.7
    },
    "HealthMentions": [
      "Healthy urinary tract",
      "Dental health"
    ],
    "HealthScores": {
      "Healthy urinary tract": 0.7,
      "Dental health": 0.7
    },
    "MostOrderedProducts": [
      "OurPets Fish Teaser Wand Cat Toy",
      "VeRUS Beef, Apple, Vegetable & Green Lipped Mussel Canned Cat Food",
      "Go! Solutions SENSITIVITIES Limited Ingredient Pollock Grain-Free Dry Cat Food",
      "Purina Beyond Grain-Free Icelandic Arctic Char & Lentil Recipe Dry Cat Food"
    ],
    "ConfidenceScore": 0.0,
    "confidence_score": 0.6666666666666666,
    "name": "Turbo"
  },
  "Elwood": {
    "PetName": "Elwood",
    "PetType": "Cat",
    "PetTypeScore": 1.0,
    "Breed": "Birman",
    "BreedScore": 1.0,
    "LifeStage": "A",
    "LifeStageScore": 1.0,
    "Gender": "MALE",
    "GenderScore": 1.0,
    "SizeCategory": "UNK",
    "SizeScore": 0.0,
    "Weight": "UNK",
    "WeightScore": 0.0,
    "PersonalityTraits": [
      "Likes wearing clothes",
      "Likes toys",
      "Likes food"
    ],
    "PersonalityScores": {
      "Likes wearing clothes": 0.8,
      "Likes toys": 0.7,
      "Likes food": 1.0
    },
    "FavoriteProductCategories": [
      "Toys",
      "Food",
      "Clothing"
    ],
    "CategoryScores": {
      "Toys": 0.9,
      "Food": 1.0,
      "Clothing": 0.8
    },
    "BrandPreferences": [
      "OurPets",
      "VeRUS",
      "Go! Solutions",
      "Purina Beyond"
    ],
    "BrandScores": {
      "OurPets": 0.9,
      "VeRUS": 0.7,
      "Go! Solutions": 0.6,
      "Purina Beyond": 0.6
    },
    "DietaryPreferences": [
      "Fish",
      "Beef",
      "Apple",
      "Vegetable",
      "Green Lipped Mussel",
      "Pollock",
      "Grain-Free",
      "Icelandic Arctic Char",
      "Lentil"
    ],
    "DietaryScores": {
      "Fish": 0.9,
      "Beef": 0.7,
      "Apple": 0.7,
      "Vegetable": 0.7,
      "Green Lipped Mussel": 0.7,
      "Pollock": 0.6,
      "Grain-Free": 0.6,
      "Icelandic Arctic Char": 0.6,
      "Lentil": 0.6
    },
    "BehavioralCues": [
      "Accepts medication easily"
    ],
    "BehavioralScores": {
      "Accepts medication easily": 0.8
    },
    "HealthMentions": [
      "Dental health"
    ],
    "HealthScores": {
      "Dental health": 0.6
    },
    "MostOrderedProducts": [
      "OurPets Fish Teaser Wand Cat Toy, Color/Character Varies",
      "VeRUS Beef, Apple, Vegetable & Green Lipped Mussel Canned Cat Food",
      "Go! Solutions SENSITIVITIES Limited Ingredient Pollock Grain-Free Dry Cat Food, 8-lb bag",
      "Purina Beyond Grain-Free Icelandic Arctic Char & Lentil Recipe Dry Cat Food"
    ],
    "ConfidenceScore": 0.0,
    "confidence_score": 0.6666666666666666,
    "name": "Elwood"
  },
  "cust_confidence_score": 0.5
}